location,aÃ±o,total_vaccinations_per_hundred
China,2020,0.11
China,2020,
China,2020,
China,2020,
China,2020,
China,2020,
China,2020,
China,2020,
China,2020,
China,2020,
China,2020,
China,2020,
China,2020,
China,2020,
China,2020,
China,2020,
China,2020,0.32
China,2021,
China,2021,
China,2021,
China,2021,
China,2021,
China,2021,
China,2021,
China,2021,
China,2021,0.63
China,2021,
China,2021,
China,2021,
China,2021,0.7
China,2021,
China,2021,
China,2021,
China,2021,
China,2021,
China,2021,
China,2021,1.05
China,2021,
China,2021,
China,2021,
China,2021,
China,2021,
China,2021,1.6
China,2021,
China,2021,
China,2021,
China,2021,
China,2021,1.68
China,2021,
China,2021,
China,2021,2.19
China,2021,
China,2021,
China,2021,
China,2021,
China,2021,
China,2021,2.84
China,2021,
China,2021,
China,2021,
China,2021,
China,2021,
China,2021,
China,2021,
China,2021,
China,2021,
China,2021,
China,2021,
China,2021,
China,2021,
China,2021,
China,2021,
China,2021,
China,2021,
China,2021,
China,2021,3.68
China,2021,
China,2021,
China,2021,
China,2021,
China,2021,
China,2021,
China,2021,
China,2021,
China,2021,
China,2021,
China,2021,
China,2021,
China,2021,
China,2021,4.56
China,2021,
China,2021,
China,2021,
China,2021,
China,2021,
China,2021,5.26
China,2021,
China,2021,5.64
China,2021,5.81
China,2021,6.02
China,2021,6.41
China,2021,6.84
China,2021,7.18
China,2021,7.48
China,2021,7.78
China,2021,8.04
China,2021,8.4
China,2021,8.88
China,2021,9.38
China,2021,9.59
China,2021,9.82
China,2021,10.01
China,2021,10.2
China,2021,10.45
China,2021,10.88
China,2021,11.3
China,2021,11.53
China,2021,11.74
China,2021,12.06
China,2021,12.32
China,2021,12.57
China,2021,12.87
China,2021,13.14
China,2021,13.31
China,2021,13.47
China,2021,13.68
China,2021,13.95
China,2021,14.32
China,2021,14.81
China,2021,15.15
China,2021,15.45
China,2021,15.77
China,2021,16.09
China,2021,16.55
China,2021,17.11
China,2021,17.78
China,2021,18.59
China,2021,18.96
China,2021,19.31
China,2021,19.63
China,2021,19.96
China,2021,20.31
China,2021,20.88
China,2021,21.62
China,2021,22.27
China,2021,22.74
China,2021,23.35
China,2021,24.03
China,2021,24.85
China,2021,25.73
China,2021,26.69
China,2021,27.56
China,2021,28.54
China,2021,29.59
China,2021,30.56
China,2021,31.53
China,2021,32.73
China,2021,33.9
China,2021,34.87
China,2021,35.83
China,2021,36.98
China,2021,38.34
China,2021,39.75
China,2021,40.98
China,2021,42.29
China,2021,43.55
China,2021,44.83
China,2021,46.39
China,2021,47.82
China,2021,49.43
China,2021,50.74
China,2021,52.21
China,2021,53.52
China,2021,54.55
China,2021,55.69
China,2021,56.73
China,2021,57.85
China,2021,59.28
China,2021,60.56
China,2021,61.61
China,2021,62.61
China,2021,63.41
China,2021,64.8
China,2021,66.29
China,2021,67.79
China,2021,69.45
China,2021,70.87
China,2021,72.18
China,2021,73.62
China,2021,75.17
China,2021,76.86
China,2021,78.59
China,2021,80.22
China,2021,81.72
China,2021,83.16
China,2021,84.63
China,2021,85.96
China,2021,87.29
China,2021,88.66
China,2021,89.99
China,2021,90.89
China,2021,91.56
China,2021,92.46
China,2021,93.39
China,2021,94.14
China,2021,94.97
China,2021,95.76
China,2021,96.37
China,2021,96.96
China,2021,97.58
China,2021,98.33
China,2021,99.21
China,2021,100.03
China,2021,100.82
China,2021,101.51
China,2021,102.15
China,2021,102.91
China,2021,103.69
China,2021,104.61
China,2021,105.73
China,2021,106.94
China,2021,107.91
China,2021,108.72
China,2021,109.82
China,2021,111.04
China,2021,112.3
China,2021,113.56
China,2021,114.83
China,2021,115.92
China,2021,117.09
China,2021,118.43
China,2021,119.81
China,2021,121.06
China,2021,122.16
China,2021,123.28
China,2021,124.15
China,2021,125.01
China,2021,125.89
China,2021,126.8
China,2021,127.66
China,2021,128.51
China,2021,129.35
China,2021,130.01
China,2021,130.65
China,2021,131.52
China,2021,132.36
China,2021,133.26
China,2021,134.12
China,2021,134.96
China,2021,135.77
China,2021,136.54
China,2021,137.59
China,2021,138.56
China,2021,139.45
China,2021,140.54
China,2021,141.63
China,2021,142.57
China,2021,143.39
China,2021,144.19
China,2021,145.0
China,2021,145.62
China,2021,146.2
China,2021,146.73
China,2021,147.3
China,2021,147.8
China,2021,148.19
China,2021,148.61
China,2021,149.0
China,2021,149.37
China,2021,149.75
China,2021,150.26
China,2021,150.65
China,2021,150.96
China,2021,151.27
China,2021,151.58
China,2021,151.88
China,2021,152.19
China,2021,152.47
China,2021,152.72
China,2021,152.96
China,2021,153.07
China,2021,153.35
China,2021,153.64
China,2021,153.9
China,2021,154.13
China,2021,154.3
China,2021,154.51
China,2021,154.71
China,2021,154.92
China,2021,155.09
China,2021,155.15
China,2021,155.2
China,2021,155.25
China,2021,155.31
China,2021,155.37
China,2021,155.44
China,2021,155.52
China,2021,155.61
China,2021,155.7
China,2021,155.78
China,2021,155.88
China,2021,155.98
China,2021,156.08
China,2021,156.21
China,2021,156.34
China,2021,156.43
China,2021,156.54
China,2021,156.68
China,2021,156.83
China,2021,156.98
China,2021,157.13
China,2021,157.31
China,2021,157.43
China,2021,157.53
China,2021,157.7
China,2021,157.89
China,2021,158.09
China,2021,158.33
China,2021,158.65
China,2021,159.08
China,2021,159.48
China,2021,159.86
China,2021,160.32
China,2021,160.87
China,2021,161.49
China,2021,162.12
China,2021,162.85
China,2021,163.46
China,2021,164.0
China,2021,164.59
China,2021,165.2
China,2021,165.79
China,2021,166.4
China,2021,167.06
China,2021,167.58
China,2021,168.04
China,2021,168.52
China,2021,169.0
China,2021,169.45
China,2021,169.92
China,2021,170.47
China,2021,170.93
China,2021,171.32
China,2021,171.78
China,2021,172.29
China,2021,172.83
China,2021,173.43
China,2021,174.13
China,2021,174.77
China,2021,175.32
China,2021,175.89
China,2021,176.48
China,2021,177.04
China,2021,177.63
China,2021,178.37
China,2021,179.05
China,2021,179.55
China,2021,180.07
China,2021,180.58
China,2021,181.13
China,2021,181.77
China,2021,182.53
China,2021,183.2
China,2021,183.83
China,2021,184.46
China,2021,185.15
China,2021,185.89
China,2021,186.68
China,2021,187.51
China,2021,188.25
China,2021,189.02
China,2021,189.82
China,2021,190.72
China,2021,191.65
China,2021,192.57
China,2021,193.43
China,2021,194.23
China,2021,195.1
China,2021,196.07
China,2021,197.08
China,2021,198.01
China,2021,198.85
China,2022,199.26
China,2022,199.73
China,2022,200.24
China,2022,200.83
China,2022,201.42
China,2022,201.98
China,2022,202.52
China,2022,202.97
China,2022,203.35
China,2022,203.78
China,2022,204.24
China,2022,204.66
China,2022,205.04
China,2022,205.41
China,2022,205.73
China,2022,206.02
China,2022,206.34
China,2022,206.69
China,2022,207.02
China,2022,207.32
China,2022,207.64
China,2022,207.9
China,2022,208.16
China,2022,208.53
China,2022,208.9
China,2022,209.28
China,2022,209.66
China,2022,209.99
China,2022,210.25
China,2022,210.41
China,2022,210.43
China,2022,210.44
China,2022,210.46
China,2022,210.51
China,2022,210.6
China,2022,210.72
China,2022,210.88
China,2022,211.14
China,2022,211.53
China,2022,211.98
China,2022,212.47
China,2022,212.97
China,2022,213.37
China,2022,213.67
China,2022,214.07
China,2022,214.39
China,2022,214.84
China,2022,215.28
China,2022,215.71
China,2022,216.06
China,2022,216.34
China,2022,216.73
China,2022,217.11
China,2022,217.53
China,2022,217.99
China,2022,218.43
China,2022,218.79
China,2022,219.1
China,2022,219.5
China,2022,219.91
China,2022,220.32
China,2022,220.71
China,2022,221.08
China,2022,221.4
China,2022,221.66
China,2022,222.0
China,2022,222.31
China,2022,222.67
China,2022,223.02
China,2022,223.39
China,2022,223.68
China,2022,223.95
China,2022,224.3
China,2022,224.68
China,2022,225.06
China,2022,225.39
China,2022,225.73
China,2022,226.03
China,2022,226.27
China,2022,226.55
China,2022,226.85
China,2022,227.17
China,2022,227.48
China,2022,227.76
China,2022,228.03
China,2022,228.28
China,2022,228.56
China,2022,228.85
China,2022,229.13
China,2022,229.39
China,2022,229.62
China,2022,229.81
China,2022,229.98
China,2022,230.14
China,2022,230.28
China,2022,230.48
China,2022,230.7
China,2022,230.92
China,2022,231.1
China,2022,231.26
China,2022,231.46
China,2022,231.65
China,2022,231.85
China,2022,232.04
China,2022,232.22
China,2022,232.37
China,2022,232.5
China,2022,232.66
China,2022,232.83
China,2022,233.01
China,2022,233.19
China,2022,233.37
China,2022,233.52
China,2022,233.66
China,2022,233.82
China,2022,233.98
China,2022,234.14
China,2022,234.29
China,2022,234.45
China,2022,234.56
China,2022,234.63
China,2022,234.7
China,2022,234.78
China,2022,234.84
China,2022,234.92
China,2022,235.01
China,2022,235.09
China,2022,235.15
China,2022,235.24
China,2022,235.33
China,2022,235.44
China,2022,235.54
China,2022,235.65
China,2022,235.74
China,2022,235.81
China,2022,235.9
China,2022,235.99
China,2022,236.09
China,2022,236.18
China,2022,236.28
China,2022,236.36
China,2022,236.42
China,2022,236.5
China,2022,236.59
China,2022,236.68
China,2022,236.76
China,2022,236.85
China,2022,236.92
China,2022,236.98
China,2022,237.06
China,2022,237.14
China,2022,237.2
China,2022,237.26
China,2022,237.28
China,2022,237.32
China,2022,237.35
China,2022,237.4
China,2022,237.46
China,2022,237.51
China,2022,237.57
China,2022,237.62
China,2022,237.67
China,2022,237.71
China,2022,237.76
China,2022,237.82
China,2022,237.88
China,2022,237.97
China,2022,238.02
China,2022,238.06
China,2022,238.1
China,2022,238.15
China,2022,238.2
China,2022,238.25
China,2022,238.31
China,2022,238.36
China,2022,238.4
China,2022,238.43
China,2022,238.48
China,2022,238.53
China,2022,238.58
China,2022,238.63
China,2022,238.67
China,2022,238.7
China,2022,238.73
China,2022,238.77
China,2022,238.81
China,2022,238.86
China,2022,238.91
China,2022,238.96
China,2022,239.01
China,2022,239.04
China,2022,239.08
China,2022,239.13
China,2022,239.18
China,2022,239.23
China,2022,239.28
China,2022,239.32
China,2022,239.36
China,2022,239.4
China,2022,239.46
China,2022,239.51
China,2022,239.57
China,2022,239.62
China,2022,239.67
China,2022,239.7
China,2022,239.76
China,2022,239.81
China,2022,239.87
China,2022,239.93
China,2022,240.0
China,2022,240.05
China,2022,240.11
China,2022,240.14
China,2022,240.16
China,2022,240.19
China,2022,240.22
China,2022,240.24
China,2022,240.26
China,2022,240.27
China,2022,240.29
China,2022,240.31
China,2022,240.34
China,2022,240.36
China,2022,240.38
China,2022,240.4
China,2022,240.41
China,2022,240.43
China,2022,240.45
China,2022,240.48
China,2022,240.5
China,2022,240.52
China,2022,240.54
China,2022,240.55
China,2022,240.57
China,2022,240.6
China,2022,240.62
China,2022,240.64
China,2022,240.66
China,2022,240.68
China,2022,240.69
China,2022,240.71
China,2022,240.73
China,2022,240.75
China,2022,240.76
China,2022,240.78
China,2022,240.79
China,2022,240.79
China,2022,240.81
China,2022,240.82
China,2022,240.83
China,2022,240.84
China,2022,240.85
China,2022,240.85
China,2022,240.86
China,2022,240.87
China,2022,240.88
China,2022,240.89
China,2022,240.9
China,2022,240.91
China,2022,240.92
China,2022,240.92
China,2022,240.93
China,2022,240.94
China,2022,240.95
China,2022,240.96
China,2022,240.97
China,2022,240.98
China,2022,240.99
China,2022,241.0
China,2022,241.01
China,2022,241.02
China,2022,241.03
China,2022,241.04
China,2022,241.04
China,2022,241.04
China,2022,241.05
China,2022,241.05
China,2022,241.06
China,2022,241.06
China,2022,241.07
China,2022,241.07
China,2022,241.08
China,2022,241.09
China,2022,241.09
China,2022,241.1
China,2022,241.11
China,2022,241.12
China,2022,241.13
China,2022,241.13
China,2022,241.14
China,2022,241.15
China,2022,241.15
China,2022,241.16
China,2022,241.17
China,2022,241.18
China,2022,241.18
China,2022,241.19
China,2022,241.2
China,2022,241.2
China,2022,241.21
China,2022,241.22
China,2022,241.23
China,2022,241.23
China,2022,241.24
China,2022,241.25
China,2022,241.25
China,2022,241.26
China,2022,241.27
China,2022,241.28
China,2022,241.28
China,2022,241.29
China,2022,241.3
China,2022,241.31
China,2022,241.31
China,2022,241.32
China,2022,241.33
China,2022,241.34
China,2022,241.35
China,2022,241.36
China,2022,241.37
China,2022,241.38
China,2022,241.4
China,2022,241.41
China,2022,241.42
China,2022,241.43
China,2022,241.44
China,2022,241.45
China,2022,241.46
China,2022,241.47
China,2022,241.48
China,2022,241.49
China,2022,241.5
China,2022,241.5
China,2022,241.52
China,2022,241.53
China,2022,241.53
China,2022,241.55
China,2022,241.55
China,2022,241.57
China,2022,241.6
China,2022,241.63
China,2022,241.68
China,2022,241.75
China,2022,241.83
China,2022,241.88
China,2022,241.97
China,2022,242.07
China,2022,242.18
China,2022,242.27
China,2022,242.37
China,2022,242.43
China,2022,242.48
China,2022,242.54
China,2022,242.76
China,2022,243.02
China,2022,243.17
China,2022,243.33
China,2022,243.42
China,2022,243.48
China,2022,243.58
China,2022,243.66
China,2022,243.74
China,2022,243.81
China,2022,243.88
China,2022,243.92
China,2023,243.95
China,2023,243.98
China,2023,244.03
China,2023,244.08
China,2023,244.14
China,2023,244.22
China,2023,244.27
China,2023,244.3
China,2023,244.39
China,2023,244.44
China,2023,244.48
China,2023,244.59
China,2023,244.62
China,2023,
China,2023,
China,2023,
China,2023,
China,2023,
China,2023,244.73
China,2023,
China,2023,
China,2023,
China,2023,
China,2023,
China,2023,
China,2023,244.74
China,2023,
China,2023,
China,2023,
China,2023,
China,2023,
China,2023,
China,2023,244.79
China,2023,
China,2023,
China,2023,
China,2023,
China,2023,
China,2023,
China,2023,244.84
Colombia,2021,0.0
Colombia,2021,0.02
Colombia,2021,0.04
Colombia,2021,0.06
Colombia,2021,0.08
Colombia,2021,0.09
Colombia,2021,0.09
Colombia,2021,0.1
Colombia,2021,0.13
Colombia,2021,0.16
Colombia,2021,0.22
Colombia,2021,0.25
Colombia,2021,0.29
Colombia,2021,0.33
Colombia,2021,0.37
Colombia,2021,0.4
Colombia,2021,0.46
Colombia,2021,0.52
Colombia,2021,0.58
Colombia,2021,0.61
Colombia,2021,0.78
Colombia,2021,0.93
Colombia,2021,1.14
Colombia,2021,1.34
Colombia,2021,1.51
Colombia,2021,1.63
Colombia,2021,1.76
Colombia,2021,1.88
Colombia,2021,1.97
Colombia,2021,2.08
Colombia,2021,2.18
Colombia,2021,2.28
Colombia,2021,2.34
Colombia,2021,2.39
Colombia,2021,2.51
Colombia,2021,2.67
Colombia,2021,2.85
Colombia,2021,3.08
Colombia,2021,3.33
Colombia,2021,3.51
Colombia,2021,3.79
Colombia,2021,4.09
Colombia,2021,4.32
Colombia,2021,4.44
Colombia,2021,4.5
Colombia,2021,4.59
Colombia,2021,4.64
Colombia,2021,4.78
Colombia,2021,
Colombia,2021,5.19
Colombia,2021,5.42
Colombia,2021,5.68
Colombia,2021,5.86
Colombia,2021,
Colombia,2021,6.12
Colombia,2021,6.46
Colombia,2021,6.66
Colombia,2021,
Colombia,2021,6.92
Colombia,2021,7.15
Colombia,2021,7.27
Colombia,2021,7.45
Colombia,2021,7.67
Colombia,2021,7.96
Colombia,2021,8.14
Colombia,2021,8.32
Colombia,2021,8.48
Colombia,2021,8.58
Colombia,2021,
Colombia,2021,8.92
Colombia,2021,9.09
Colombia,2021,9.3
Colombia,2021,9.61
Colombia,2021,9.86
Colombia,2021,10.06
Colombia,2021,
Colombia,2021,
Colombia,2021,
Colombia,2021,
Colombia,2021,11.75
Colombia,2021,
Colombia,2021,
Colombia,2021,12.49
Colombia,2021,12.86
Colombia,2021,13.21
Colombia,2021,13.58
Colombia,2021,
Colombia,2021,14.22
Colombia,2021,14.38
Colombia,2021,14.53
Colombia,2021,14.88
Colombia,2021,15.16
Colombia,2021,15.44
Colombia,2021,
Colombia,2021,15.88
Colombia,2021,16.01
Colombia,2021,16.24
Colombia,2021,16.6
Colombia,2021,17.05
Colombia,2021,
Colombia,2021,
Colombia,2021,18.62
Colombia,2021,18.94
Colombia,2021,19.46
Colombia,2021,20.02
Colombia,2021,20.62
Colombia,2021,21.17
Colombia,2021,21.68
Colombia,2021,22.14
Colombia,2021,22.39
Colombia,2021,22.62
Colombia,2021,23.09
Colombia,2021,23.53
Colombia,2021,
Colombia,2021,24.5
Colombia,2021,24.9
Colombia,2021,25.11
Colombia,2021,25.38
Colombia,2021,
Colombia,2021,
Colombia,2021,27.11
Colombia,2021,
Colombia,2021,28.39
Colombia,2021,28.83
Colombia,2021,29.49
Colombia,2021,30.23
Colombia,2021,30.92
Colombia,2021,31.55
Colombia,2021,32.18
Colombia,2021,32.82
Colombia,2021,33.21
Colombia,2021,33.87
Colombia,2021,34.59
Colombia,2021,35.24
Colombia,2021,35.81
Colombia,2021,36.35
Colombia,2021,36.85
Colombia,2021,37.14
Colombia,2021,37.47
Colombia,2021,
Colombia,2021,38.94
Colombia,2021,
Colombia,2021,
Colombia,2021,39.72
Colombia,2021,41.72
Colombia,2021,42.24
Colombia,2021,
Colombia,2021,43.61
Colombia,2021,44.23
Colombia,2021,
Colombia,2021,45.28
Colombia,2021,45.56
Colombia,2021,45.94
Colombia,2021,46.27
Colombia,2021,
Colombia,2021,47.3
Colombia,2021,47.86
Colombia,2021,
Colombia,2021,48.87
Colombia,2021,49.43
Colombia,2021,
Colombia,2021,50.48
Colombia,2021,51.11
Colombia,2021,
Colombia,2021,53.06
Colombia,2021,53.5
Colombia,2021,54.27
Colombia,2021,55.15
Colombia,2021,55.93
Colombia,2021,56.71
Colombia,2021,
Colombia,2021,58.3
Colombia,2021,58.56
Colombia,2021,59.07
Colombia,2021,59.54
Colombia,2021,60.05
Colombia,2021,60.49
Colombia,2021,60.83
Colombia,2021,61.24
Colombia,2021,61.43
Colombia,2021,
Colombia,2021,62.06
Colombia,2021,62.58
Colombia,2021,63.12
Colombia,2021,63.63
Colombia,2021,64.11
Colombia,2021,64.4
Colombia,2021,64.96
Colombia,2021,65.47
Colombia,2021,66.02
Colombia,2021,
Colombia,2021,67.1
Colombia,2021,67.61
Colombia,2021,67.8
Colombia,2021,68.16
Colombia,2021,68.52
Colombia,2021,
Colombia,2021,68.92
Colombia,2021,69.57
Colombia,2021,69.85
Colombia,2021,
Colombia,2021,
Colombia,2021,
Colombia,2021,
Colombia,2021,71.39
Colombia,2021,71.99
Colombia,2021,
Colombia,2021,72.18
Colombia,2021,72.54
Colombia,2021,72.93
Colombia,2021,73.26
Colombia,2021,
Colombia,2021,73.89
Colombia,2021,74.11
Colombia,2021,74.25
Colombia,2021,74.57
Colombia,2021,
Colombia,2021,75.29
Colombia,2021,75.7
Colombia,2021,
Colombia,2021,76.36
Colombia,2021,76.94
Colombia,2021,77.43
Colombia,2021,
Colombia,2021,77.89
Colombia,2021,
Colombia,2021,79.23
Colombia,2021,
Colombia,2021,
Colombia,2021,80.05
Colombia,2021,
Colombia,2021,81.04
Colombia,2021,81.64
Colombia,2021,82.19
Colombia,2021,82.67
Colombia,2021,82.91
Colombia,2021,83.5
Colombia,2021,84.07
Colombia,2021,84.59
Colombia,2021,85.09
Colombia,2021,85.5
Colombia,2021,
Colombia,2021,86.09
Colombia,2021,86.23
Colombia,2021,
Colombia,2021,
Colombia,2021,
Colombia,2021,88.07
Colombia,2021,88.44
Colombia,2021,88.69
Colombia,2021,89.11
Colombia,2021,89.55
Colombia,2021,90.02
Colombia,2021,90.47
Colombia,2021,
Colombia,2021,91.16
Colombia,2021,91.38
Colombia,2021,
Colombia,2021,92.08
Colombia,2021,92.65
Colombia,2021,93.3
Colombia,2021,
Colombia,2021,94.7
Colombia,2021,95.12
Colombia,2021,95.82
Colombia,2021,
Colombia,2021,97.42
Colombia,2021,98.15
Colombia,2021,98.92
Colombia,2021,
Colombia,2021,99.9
Colombia,2021,100.16
Colombia,2021,100.86
Colombia,2021,101.7
Colombia,2021,102.52
Colombia,2021,103.34
Colombia,2021,104.07
Colombia,2021,104.44
Colombia,2021,105.21
Colombia,2021,105.99
Colombia,2021,106.78
Colombia,2021,
Colombia,2021,108.34
Colombia,2021,108.95
Colombia,2021,109.31
Colombia,2021,110.05
Colombia,2021,110.89
Colombia,2021,112.3
Colombia,2021,
Colombia,2021,112.95
Colombia,2021,
Colombia,2021,113.82
Colombia,2021,114.41
Colombia,2021,114.92
Colombia,2021,
Colombia,2021,115.74
Colombia,2021,116.41
Colombia,2021,116.88
Colombia,2021,117.17
Colombia,2021,117.76
Colombia,2021,118.37
Colombia,2021,118.99
Colombia,2021,
Colombia,2021,120.13
Colombia,2021,120.53
Colombia,2021,120.75
Colombia,2021,
Colombia,2021,
Colombia,2021,122.32
Colombia,2021,
Colombia,2021,122.81
Colombia,2021,
Colombia,2021,122.9
Colombia,2021,123.36
Colombia,2021,
Colombia,2021,124.24
Colombia,2021,124.6
Colombia,2021,124.71
Colombia,2022,
Colombia,2022,124.8
Colombia,2022,125.28
Colombia,2022,125.83
Colombia,2022,126.39
Colombia,2022,127.03
Colombia,2022,
Colombia,2022,128.05
Colombia,2022,128.28
Colombia,2022,128.48
Colombia,2022,129.04
Colombia,2022,129.68
Colombia,2022,130.31
Colombia,2022,130.9
Colombia,2022,131.39
Colombia,2022,
Colombia,2022,132.24
Colombia,2022,132.78
Colombia,2022,133.36
Colombia,2022,
Colombia,2022,134.54
Colombia,2022,
Colombia,2022,135.15
Colombia,2022,135.62
Colombia,2022,136.09
Colombia,2022,
Colombia,2022,137.04
Colombia,2022,137.49
Colombia,2022,138.02
Colombia,2022,138.22
Colombia,2022,138.66
Colombia,2022,139.09
Colombia,2022,139.98
Colombia,2022,
Colombia,2022,140.58
Colombia,2022,140.98
Colombia,2022,141.35
Colombia,2022,141.78
Colombia,2022,142.23
Colombia,2022,142.74
Colombia,2022,143.21
Colombia,2022,143.74
Colombia,2022,144.13
Colombia,2022,144.3
Colombia,2022,144.75
Colombia,2022,145.2
Colombia,2022,145.61
Colombia,2022,145.99
Colombia,2022,
Colombia,2022,146.44
Colombia,2022,146.88
Colombia,2022,147.22
Colombia,2022,147.58
Colombia,2022,147.92
Colombia,2022,
Colombia,2022,
Colombia,2022,
Colombia,2022,
Colombia,2022,
Colombia,2022,
Colombia,2022,
Colombia,2022,
Colombia,2022,149.7
Colombia,2022,
Colombia,2022,
Colombia,2022,
Colombia,2022,
Colombia,2022,151.18
Colombia,2022,
Colombia,2022,151.68
Colombia,2022,
Colombia,2022,
Colombia,2022,
Colombia,2022,
Colombia,2022,152.72
Colombia,2022,
Colombia,2022,153.16
Colombia,2022,
Colombia,2022,
Colombia,2022,
Colombia,2022,
Colombia,2022,154.65
Colombia,2022,
Colombia,2022,
Colombia,2022,155.24
Colombia,2022,155.32
Colombia,2022,155.47
Colombia,2022,155.66
Colombia,2022,155.86
Colombia,2022,
Colombia,2022,
Colombia,2022,156.4
Colombia,2022,156.46
Colombia,2022,156.65
Colombia,2022,156.82
Colombia,2022,156.98
Colombia,2022,157.15
Colombia,2022,157.31
Colombia,2022,
Colombia,2022,157.5
Colombia,2022,157.67
Colombia,2022,
Colombia,2022,
Colombia,2022,
Colombia,2022,158.01
Colombia,2022,158.04
Colombia,2022,
Colombia,2022,158.2
Colombia,2022,
Colombia,2022,
Colombia,2022,
Colombia,2022,
Colombia,2022,
Colombia,2022,
Colombia,2022,
Colombia,2022,
Colombia,2022,
Colombia,2022,
Colombia,2022,158.93
Colombia,2022,
Colombia,2022,
Colombia,2022,
Colombia,2022,
Colombia,2022,
Colombia,2022,
Colombia,2022,159.7
Colombia,2022,
Colombia,2022,
Colombia,2022,
Colombia,2022,
Colombia,2022,
Colombia,2022,
Colombia,2022,161.13
Colombia,2022,
Colombia,2022,
Colombia,2022,
Colombia,2022,
Colombia,2022,
Colombia,2022,
Colombia,2022,
Colombia,2022,
Colombia,2022,
Colombia,2022,
Colombia,2022,
Colombia,2022,
Colombia,2022,
Colombia,2022,
Colombia,2022,
Colombia,2022,
Colombia,2022,
Colombia,2022,
Colombia,2022,
Colombia,2022,
Colombia,2022,162.87
Colombia,2022,
Colombia,2022,
Colombia,2022,
Colombia,2022,
Colombia,2022,
Colombia,2022,
Colombia,2022,164.15
Colombia,2022,
Colombia,2022,
Colombia,2022,
Colombia,2022,
Colombia,2022,
Colombia,2022,
Colombia,2022,
Colombia,2022,
Colombia,2022,
Colombia,2022,
Colombia,2022,
Colombia,2022,
Colombia,2022,
Colombia,2022,165.34
Colombia,2022,
Colombia,2022,
Colombia,2022,
Colombia,2022,
Colombia,2022,
Colombia,2022,
Colombia,2022,
Colombia,2022,
Colombia,2022,
Colombia,2022,
Colombia,2022,
Colombia,2022,
Colombia,2022,
Colombia,2022,166.15
Colombia,2022,
Colombia,2022,
Colombia,2022,
Colombia,2022,
Colombia,2022,
Colombia,2022,
Colombia,2022,166.7
Colombia,2022,
Colombia,2022,
Colombia,2022,
Colombia,2022,
Colombia,2022,
Colombia,2022,
Colombia,2022,
Colombia,2022,
Colombia,2022,
Colombia,2022,
Colombia,2022,
Colombia,2022,
Colombia,2022,
Colombia,2022,167.87
Colombia,2022,
Colombia,2022,
Colombia,2022,
Colombia,2022,
Colombia,2022,
Colombia,2022,
Colombia,2022,
Colombia,2022,
Colombia,2022,
Colombia,2022,
Colombia,2022,
Colombia,2022,
Colombia,2022,
Colombia,2022,
Colombia,2022,
Colombia,2022,
Colombia,2022,
Colombia,2022,
Colombia,2022,
Colombia,2022,
Colombia,2022,168.81
Colombia,2022,
Colombia,2022,
Colombia,2022,
Colombia,2022,
Colombia,2022,
Colombia,2022,
Colombia,2022,
Colombia,2022,
Colombia,2022,
Colombia,2022,
Colombia,2022,
Colombia,2022,
Colombia,2022,
Colombia,2022,
Colombia,2022,
Colombia,2022,
Colombia,2022,
Colombia,2022,
Colombia,2022,
Colombia,2022,
Colombia,2022,
Colombia,2022,
Colombia,2022,
Colombia,2022,
Colombia,2022,
Colombia,2022,
Colombia,2022,
Colombia,2022,
Colombia,2022,
Colombia,2022,
Colombia,2022,
Colombia,2022,
Colombia,2022,
Colombia,2022,
Colombia,2022,
Colombia,2022,
Colombia,2022,
Colombia,2022,
Colombia,2022,
Colombia,2022,
Colombia,2022,
Colombia,2022,
Colombia,2022,
Colombia,2022,
Colombia,2022,
Colombia,2022,
Colombia,2022,
Colombia,2022,
Colombia,2022,171.03
Colombia,2022,
Colombia,2022,
Colombia,2022,
Colombia,2022,
Colombia,2022,
Colombia,2022,
Colombia,2022,171.6
Colombia,2022,
Colombia,2022,
Colombia,2022,
Colombia,2022,
Colombia,2022,
Colombia,2022,
Colombia,2022,171.8
Colombia,2022,
Colombia,2022,
Colombia,2022,
Colombia,2022,
Colombia,2022,
Colombia,2022,
Colombia,2022,171.97
Colombia,2022,
Colombia,2022,
Colombia,2022,
Colombia,2022,
Colombia,2022,
Colombia,2022,
Colombia,2022,172.17
Colombia,2022,
Colombia,2022,
Colombia,2022,
Colombia,2022,
Colombia,2022,
Colombia,2022,
Colombia,2022,172.38
Colombia,2022,
Colombia,2022,
Colombia,2022,
Colombia,2022,
Colombia,2022,
Colombia,2022,
Colombia,2022,
Colombia,2022,
Colombia,2022,
Colombia,2022,
Colombia,2022,
Colombia,2022,
Colombia,2022,
Colombia,2022,172.78
Colombia,2022,
Colombia,2022,
Colombia,2022,
Colombia,2022,
Colombia,2022,
Colombia,2022,
Colombia,2022,
Colombia,2022,
Colombia,2022,
Colombia,2022,
Colombia,2022,
Colombia,2022,
Colombia,2022,
Colombia,2022,
Colombia,2022,
Colombia,2022,
Colombia,2022,
Colombia,2022,
Colombia,2022,
Colombia,2022,
Colombia,2022,173.09
Colombia,2022,
Colombia,2022,
Colombia,2022,
Colombia,2022,
Colombia,2022,
Colombia,2022,
Colombia,2022,
Colombia,2022,
Colombia,2022,
Colombia,2022,
Colombia,2022,
Colombia,2022,
Colombia,2022,
Colombia,2022,
Colombia,2022,
Colombia,2023,
Colombia,2023,
Colombia,2023,
Colombia,2023,
Colombia,2023,
Colombia,2023,173.59
Colombia,2023,
Colombia,2023,
Colombia,2023,
Colombia,2023,
Colombia,2023,
Colombia,2023,
Colombia,2023,
Colombia,2023,
Colombia,2023,
Colombia,2023,
Colombia,2023,
Colombia,2023,
Colombia,2023,
Colombia,2023,173.69
Colombia,2023,
Colombia,2023,
Colombia,2023,
Colombia,2023,
Colombia,2023,
Colombia,2023,
Colombia,2023,173.9
Colombia,2023,
Colombia,2023,
Colombia,2023,
Colombia,2023,
Colombia,2023,
Colombia,2023,
Colombia,2023,
Colombia,2023,
Colombia,2023,
Colombia,2023,
Colombia,2023,
Colombia,2023,
Colombia,2023,
Colombia,2023,
Colombia,2023,
Colombia,2023,
Colombia,2023,
Colombia,2023,
Colombia,2023,
Colombia,2023,
Colombia,2023,
Colombia,2023,
Colombia,2023,
Colombia,2023,
Colombia,2023,
Colombia,2023,
Colombia,2023,
Colombia,2023,
Colombia,2023,
Colombia,2023,
Colombia,2023,
Colombia,2023,
Colombia,2023,
Colombia,2023,
Colombia,2023,
Colombia,2023,
Colombia,2023,
Colombia,2023,
Colombia,2023,
Colombia,2023,
Colombia,2023,
Colombia,2023,174.05
Colombia,2023,
Colombia,2023,
Colombia,2023,
Colombia,2023,
Colombia,2023,
Colombia,2023,
Colombia,2023,
Colombia,2023,
Colombia,2023,
Colombia,2023,
Colombia,2023,
Colombia,2023,
Colombia,2023,
Colombia,2023,
Colombia,2023,
Colombia,2023,
Colombia,2023,
Colombia,2023,
Colombia,2023,
Colombia,2023,
Colombia,2023,
Colombia,2023,
Colombia,2023,
Colombia,2023,
Colombia,2023,
Colombia,2023,
Colombia,2023,
Colombia,2023,174.47
Paraguay,2021,0.0
Paraguay,2021,0.01
Paraguay,2021,0.01
Paraguay,2021,0.02
Paraguay,2021,0.02
Paraguay,2021,
Paraguay,2021,0.02
Paraguay,2021,0.02
Paraguay,2021,0.02
Paraguay,2021,0.03
Paraguay,2021,0.03
Paraguay,2021,0.03
Paraguay,2021,0.03
Paraguay,2021,
Paraguay,2021,0.03
Paraguay,2021,0.03
Paraguay,2021,0.04
Paraguay,2021,0.07
Paraguay,2021,0.12
Paraguay,2021,0.15
Paraguay,2021,0.17
Paraguay,2021,0.18
Paraguay,2021,0.19
Paraguay,2021,0.21
Paraguay,2021,0.21
Paraguay,2021,0.22
Paraguay,2021,0.22
Paraguay,2021,0.22
Paraguay,2021,0.22
Paraguay,2021,0.28
Paraguay,2021,0.37
Paraguay,2021,0.45
Paraguay,2021,0.53
Paraguay,2021,0.56
Paraguay,2021,0.58
Paraguay,2021,0.63
Paraguay,2021,0.66
Paraguay,2021,0.68
Paraguay,2021,0.68
Paraguay,2021,
Paraguay,2021,0.69
Paraguay,2021,0.69
Paraguay,2021,0.7
Paraguay,2021,0.71
Paraguay,2021,0.73
Paraguay,2021,0.76
Paraguay,2021,0.8
Paraguay,2021,0.83
Paraguay,2021,0.85
Paraguay,2021,0.92
Paraguay,2021,1.04
Paraguay,2021,1.16
Paraguay,2021,1.27
Paraguay,2021,1.35
Paraguay,2021,1.37
Paraguay,2021,1.37
Paraguay,2021,1.41
Paraguay,2021,1.44
Paraguay,2021,1.47
Paraguay,2021,1.49
Paraguay,2021,1.51
Paraguay,2021,1.52
Paraguay,2021,1.52
Paraguay,2021,1.54
Paraguay,2021,1.61
Paraguay,2021,1.72
Paraguay,2021,1.86
Paraguay,2021,1.99
Paraguay,2021,2.0
Paraguay,2021,2.0
Paraguay,2021,2.12
Paraguay,2021,2.23
Paraguay,2021,2.34
Paraguay,2021,2.43
Paraguay,2021,2.52
Paraguay,2021,2.54
Paraguay,2021,2.55
Paraguay,2021,2.73
Paraguay,2021,2.94
Paraguay,2021,3.16
Paraguay,2021,3.43
Paraguay,2021,3.57
Paraguay,2021,3.6
Paraguay,2021,3.63
Paraguay,2021,3.81
Paraguay,2021,4.12
Paraguay,2021,4.41
Paraguay,2021,4.7
Paraguay,2021,4.95
Paraguay,2021,5.08
Paraguay,2021,5.08
Paraguay,2021,5.21
Paraguay,2021,5.37
Paraguay,2021,5.6
Paraguay,2021,5.88
Paraguay,2021,6.11
Paraguay,2021,6.16
Paraguay,2021,6.17
Paraguay,2021,6.44
Paraguay,2021,6.69
Paraguay,2021,6.91
Paraguay,2021,7.15
Paraguay,2021,7.39
Paraguay,2021,7.47
Paraguay,2021,7.49
Paraguay,2021,7.72
Paraguay,2021,7.91
Paraguay,2021,8.09
Paraguay,2021,8.31
Paraguay,2021,8.55
Paraguay,2021,8.9
Paraguay,2021,9.29
Paraguay,2021,9.7
Paraguay,2021,10.06
Paraguay,2021,10.35
Paraguay,2021,10.77
Paraguay,2021,11.08
Paraguay,2021,11.15
Paraguay,2021,11.16
Paraguay,2021,11.55
Paraguay,2021,11.94
Paraguay,2021,12.33
Paraguay,2021,12.51
Paraguay,2021,12.76
Paraguay,2021,12.85
Paraguay,2021,12.89
Paraguay,2021,13.24
Paraguay,2021,13.53
Paraguay,2021,13.81
Paraguay,2021,14.25
Paraguay,2021,14.53
Paraguay,2021,15.01
Paraguay,2021,15.63
Paraguay,2021,16.24
Paraguay,2021,16.99
Paraguay,2021,17.84
Paraguay,2021,18.1
Paraguay,2021,18.37
Paraguay,2021,18.38
Paraguay,2021,18.38
Paraguay,2021,19.86
Paraguay,2021,21.44
Paraguay,2021,23.16
Paraguay,2021,24.5
Paraguay,2021,25.67
Paraguay,2021,25.91
Paraguay,2021,26.02
Paraguay,2021,27.44
Paraguay,2021,28.2
Paraguay,2021,30.16
Paraguay,2021,32.24
Paraguay,2021,33.02
Paraguay,2021,33.76
Paraguay,2021,34.04
Paraguay,2021,35.8
Paraguay,2021,37.19
Paraguay,2021,38.24
Paraguay,2021,38.45
Paraguay,2021,38.57
Paraguay,2021,38.59
Paraguay,2021,38.59
Paraguay,2021,39.65
Paraguay,2021,40.62
Paraguay,2021,41.91
Paraguay,2021,42.89
Paraguay,2021,43.62
Paraguay,2021,44.5
Paraguay,2021,44.81
Paraguay,2021,45.72
Paraguay,2021,46.25
Paraguay,2021,47.82
Paraguay,2021,49.53
Paraguay,2021,50.67
Paraguay,2021,51.84
Paraguay,2021,52.5
Paraguay,2021,54.2
Paraguay,2021,55.6
Paraguay,2021,56.78
Paraguay,2021,56.99
Paraguay,2021,57.15
Paraguay,2021,57.16
Paraguay,2021,57.16
Paraguay,2021,57.3
Paraguay,2021,57.47
Paraguay,2021,57.73
Paraguay,2021,58.42
Paraguay,2021,59.19
Paraguay,2021,59.2
Paraguay,2021,59.2
Paraguay,2021,59.53
Paraguay,2021,59.86
Paraguay,2021,60.22
Paraguay,2021,60.24
Paraguay,2021,60.31
Paraguay,2021,60.4
Paraguay,2021,60.4
Paraguay,2021,
Paraguay,2021,
Paraguay,2021,
Paraguay,2021,
Paraguay,2021,62.99
Paraguay,2021,
Paraguay,2021,
Paraguay,2021,
Paraguay,2021,
Paraguay,2021,
Paraguay,2021,
Paraguay,2021,64.91
Paraguay,2021,
Paraguay,2021,
Paraguay,2021,
Paraguay,2021,
Paraguay,2021,
Paraguay,2021,
Paraguay,2021,66.04
Paraguay,2021,66.19
Paraguay,2021,
Paraguay,2021,
Paraguay,2021,
Paraguay,2021,
Paraguay,2021,
Paraguay,2021,68.44
Paraguay,2021,
Paraguay,2021,
Paraguay,2021,
Paraguay,2021,
Paraguay,2021,
Paraguay,2021,
Paraguay,2021,71.33
Paraguay,2021,
Paraguay,2021,
Paraguay,2021,
Paraguay,2021,
Paraguay,2021,
Paraguay,2021,
Paraguay,2021,72.66
Paraguay,2021,
Paraguay,2021,
Paraguay,2021,
Paraguay,2021,
Paraguay,2021,
Paraguay,2021,
Paraguay,2021,76.17
Paraguay,2021,
Paraguay,2021,
Paraguay,2021,
Paraguay,2021,
Paraguay,2021,
Paraguay,2021,
Paraguay,2021,78.01
Paraguay,2021,
Paraguay,2021,
Paraguay,2021,
Paraguay,2021,
Paraguay,2021,
Paraguay,2021,
Paraguay,2021,78.41
Paraguay,2021,
Paraguay,2021,
Paraguay,2021,
Paraguay,2021,
Paraguay,2021,
Paraguay,2021,
Paraguay,2021,84.74
Paraguay,2021,
Paraguay,2021,
Paraguay,2021,
Paraguay,2021,
Paraguay,2021,
Paraguay,2021,
Paraguay,2021,87.33
Paraguay,2021,
Paraguay,2021,
Paraguay,2021,
Paraguay,2021,
Paraguay,2021,
Paraguay,2021,
Paraguay,2021,
Paraguay,2021,
Paraguay,2021,
Paraguay,2021,89.37
Paraguay,2021,
Paraguay,2021,
Paraguay,2021,
Paraguay,2021,91.68
Paraguay,2021,
Paraguay,2021,
Paraguay,2021,
Paraguay,2021,
Paraguay,2021,
Paraguay,2021,
Paraguay,2021,93.27
Paraguay,2021,
Paraguay,2021,
Paraguay,2021,
Paraguay,2021,
Paraguay,2021,
Paraguay,2021,
Paraguay,2021,95.71
Paraguay,2021,
Paraguay,2021,
Paraguay,2021,
Paraguay,2021,
Paraguay,2021,
Paraguay,2021,97.94
Paraguay,2021,
Paraguay,2021,
Paraguay,2021,
Paraguay,2021,
Paraguay,2021,
Paraguay,2021,100.78
Paraguay,2021,
Paraguay,2021,
Paraguay,2022,
Paraguay,2022,
Paraguay,2022,
Paraguay,2022,
Paraguay,2022,
Paraguay,2022,
Paraguay,2022,104.53
Paraguay,2022,
Paraguay,2022,
Paraguay,2022,
Paraguay,2022,
Paraguay,2022,
Paraguay,2022,
Paraguay,2022,107.38
Paraguay,2022,
Paraguay,2022,
Paraguay,2022,
Paraguay,2022,
Paraguay,2022,
Paraguay,2022,
Paraguay,2022,109.29
Paraguay,2022,
Paraguay,2022,
Paraguay,2022,
Paraguay,2022,
Paraguay,2022,
Paraguay,2022,
Paraguay,2022,110.29
Paraguay,2022,
Paraguay,2022,
Paraguay,2022,
Paraguay,2022,
Paraguay,2022,
Paraguay,2022,
Paraguay,2022,113.1
Paraguay,2022,
Paraguay,2022,
Paraguay,2022,
Paraguay,2022,
Paraguay,2022,
Paraguay,2022,
Paraguay,2022,115.84
Paraguay,2022,
Paraguay,2022,
Paraguay,2022,
Paraguay,2022,
Paraguay,2022,
Paraguay,2022,
Paraguay,2022,117.65
Paraguay,2022,
Paraguay,2022,
Paraguay,2022,
Paraguay,2022,
Paraguay,2022,
Paraguay,2022,
Paraguay,2022,119.02
Paraguay,2022,
Paraguay,2022,
Paraguay,2022,
Paraguay,2022,
Paraguay,2022,119.82
Paraguay,2022,
Paraguay,2022,120.69
Paraguay,2022,
Paraguay,2022,
Paraguay,2022,
Paraguay,2022,
Paraguay,2022,
Paraguay,2022,
Paraguay,2022,121.2
Paraguay,2022,
Paraguay,2022,
Paraguay,2022,
Paraguay,2022,
Paraguay,2022,122.38
Paraguay,2022,
Paraguay,2022,123.52
Paraguay,2022,
Paraguay,2022,
Paraguay,2022,
Paraguay,2022,
Paraguay,2022,
Paraguay,2022,
Paraguay,2022,124.3
Paraguay,2022,
Paraguay,2022,
Paraguay,2022,
Paraguay,2022,
Paraguay,2022,
Paraguay,2022,
Paraguay,2022,124.95
Paraguay,2022,
Paraguay,2022,
Paraguay,2022,
Paraguay,2022,
Paraguay,2022,
Paraguay,2022,
Paraguay,2022,
Paraguay,2022,
Paraguay,2022,
Paraguay,2022,
Paraguay,2022,
Paraguay,2022,
Paraguay,2022,
Paraguay,2022,127.15
Paraguay,2022,
Paraguay,2022,
Paraguay,2022,
Paraguay,2022,
Paraguay,2022,
Paraguay,2022,
Paraguay,2022,
Paraguay,2022,
Paraguay,2022,
Paraguay,2022,
Paraguay,2022,
Paraguay,2022,
Paraguay,2022,
Paraguay,2022,
Paraguay,2022,
Paraguay,2022,
Paraguay,2022,
Paraguay,2022,
Paraguay,2022,
Paraguay,2022,
Paraguay,2022,
Paraguay,2022,
Paraguay,2022,
Paraguay,2022,
Paraguay,2022,
Paraguay,2022,
Paraguay,2022,
Paraguay,2022,127.98
Paraguay,2022,
Paraguay,2022,
Paraguay,2022,
Paraguay,2022,
Paraguay,2022,
Paraguay,2022,
Paraguay,2022,
Paraguay,2022,
Paraguay,2022,
Paraguay,2022,
Paraguay,2022,
Paraguay,2022,
Paraguay,2022,
Paraguay,2022,129.27
Paraguay,2022,
Paraguay,2022,
Paraguay,2022,
Paraguay,2022,
Paraguay,2022,
Paraguay,2022,
Paraguay,2022,
Paraguay,2022,
Paraguay,2022,
Paraguay,2022,
Paraguay,2022,
Paraguay,2022,129.76
Paraguay,2022,
Paraguay,2022,130.34
Paraguay,2022,
Paraguay,2022,
Paraguay,2022,
Paraguay,2022,
Paraguay,2022,
Paraguay,2022,
Paraguay,2022,131.09
Paraguay,2022,
Paraguay,2022,
Paraguay,2022,
Paraguay,2022,
Paraguay,2022,
Paraguay,2022,
Paraguay,2022,131.12
Paraguay,2022,
Paraguay,2022,
Paraguay,2022,
Paraguay,2022,
Paraguay,2022,
Paraguay,2022,131.53
Paraguay,2022,132.03
Paraguay,2022,
Paraguay,2022,
Paraguay,2022,
Paraguay,2022,
Paraguay,2022,
Paraguay,2022,
Paraguay,2022,133.9
Paraguay,2022,
Paraguay,2022,
Paraguay,2022,
Paraguay,2022,
Paraguay,2022,
Paraguay,2022,
Paraguay,2022,135.19
Paraguay,2022,
Paraguay,2022,
Paraguay,2022,
Paraguay,2022,
Paraguay,2022,
Paraguay,2022,
Paraguay,2022,135.91
Paraguay,2022,
Paraguay,2022,
Paraguay,2022,
Paraguay,2022,
Paraguay,2022,
Paraguay,2022,
Paraguay,2022,136.1
Paraguay,2022,
Paraguay,2022,
Paraguay,2022,
Paraguay,2022,
Paraguay,2022,
Paraguay,2022,
Paraguay,2022,136.52
Paraguay,2022,
Paraguay,2022,
Paraguay,2022,
Paraguay,2022,
Paraguay,2022,
Paraguay,2022,
Paraguay,2022,137.36
Paraguay,2022,
Paraguay,2022,
Paraguay,2022,
Paraguay,2022,
Paraguay,2022,
Paraguay,2022,
Paraguay,2022,
Paraguay,2022,
Paraguay,2022,
Paraguay,2022,
Paraguay,2022,
Paraguay,2022,
Paraguay,2022,
Paraguay,2022,
Paraguay,2022,
Paraguay,2022,
Paraguay,2022,
Paraguay,2022,
Paraguay,2022,
Paraguay,2022,
Paraguay,2022,137.64
Paraguay,2022,
Paraguay,2022,
Paraguay,2022,
Paraguay,2022,
Paraguay,2022,
Paraguay,2022,
Paraguay,2022,138.42
Paraguay,2022,
Paraguay,2022,
Paraguay,2022,
Paraguay,2022,
Paraguay,2022,
Paraguay,2022,
Paraguay,2022,
Paraguay,2022,
Paraguay,2022,
Paraguay,2022,
Paraguay,2022,
Paraguay,2022,
Paraguay,2022,
Paraguay,2022,
Paraguay,2022,
Paraguay,2022,
Paraguay,2022,
Paraguay,2022,
Paraguay,2022,
Paraguay,2022,
Paraguay,2022,138.49
Paraguay,2022,
Paraguay,2022,
Paraguay,2022,
Paraguay,2022,
Paraguay,2022,
Paraguay,2022,
Paraguay,2022,138.61
Paraguay,2022,
Paraguay,2022,
Paraguay,2022,
Paraguay,2022,
Paraguay,2022,
Paraguay,2022,
Paraguay,2022,138.74
Paraguay,2022,
Paraguay,2022,
Paraguay,2022,
Paraguay,2022,
Paraguay,2022,
Paraguay,2022,
Paraguay,2022,138.91
Paraguay,2022,
Paraguay,2022,
Paraguay,2022,
Paraguay,2022,
Paraguay,2022,
Paraguay,2022,
Paraguay,2022,
Paraguay,2022,
Paraguay,2022,
Paraguay,2022,
Paraguay,2022,
Paraguay,2022,
Paraguay,2022,
Paraguay,2022,
Paraguay,2022,
Paraguay,2022,
Paraguay,2022,
Paraguay,2022,
Paraguay,2022,
Paraguay,2022,
Paraguay,2022,139.36
Paraguay,2022,
Paraguay,2022,
Paraguay,2022,
Paraguay,2022,
Paraguay,2022,
Paraguay,2022,
Paraguay,2022,139.5
Paraguay,2022,
Paraguay,2022,
Paraguay,2022,
Paraguay,2022,
Paraguay,2022,
Paraguay,2022,
Paraguay,2022,
Paraguay,2022,
Paraguay,2022,
Paraguay,2022,
Paraguay,2022,
Paraguay,2022,
Paraguay,2022,
Paraguay,2022,139.74
Paraguay,2022,
Paraguay,2022,
Paraguay,2022,
Paraguay,2022,
Paraguay,2022,
Paraguay,2022,
Paraguay,2022,139.83
Paraguay,2022,
Paraguay,2022,
Paraguay,2022,
Paraguay,2022,
Paraguay,2022,
Paraguay,2022,
Paraguay,2022,139.91
Paraguay,2022,
Paraguay,2022,
Paraguay,2022,
Paraguay,2022,
Paraguay,2022,
Paraguay,2022,
Paraguay,2022,
Paraguay,2022,
Paraguay,2022,
Paraguay,2022,
Paraguay,2022,
Paraguay,2022,
Paraguay,2022,
Paraguay,2022,
Paraguay,2022,
Paraguay,2023,
Paraguay,2023,
Paraguay,2023,139.99
Paraguay,2023,
Paraguay,2023,
Paraguay,2023,140.19
Paraguay,2023,
Paraguay,2023,
Paraguay,2023,
Paraguay,2023,
Paraguay,2023,
Paraguay,2023,140.31
Paraguay,2023,140.46
Paraguay,2023,
Paraguay,2023,
Paraguay,2023,
Paraguay,2023,
Paraguay,2023,
Paraguay,2023,
Paraguay,2023,140.53
Paraguay,2023,
Paraguay,2023,
Paraguay,2023,
Paraguay,2023,
Paraguay,2023,
Paraguay,2023,
Paraguay,2023,140.67
Paraguay,2023,
Paraguay,2023,
Paraguay,2023,
Paraguay,2023,
Paraguay,2023,
Paraguay,2023,
Paraguay,2023,
Paraguay,2023,
Paraguay,2023,
Paraguay,2023,
Paraguay,2023,
Paraguay,2023,
Paraguay,2023,
Paraguay,2023,141.12
Paraguay,2023,
Paraguay,2023,
Paraguay,2023,
Paraguay,2023,
Paraguay,2023,
Paraguay,2023,
Paraguay,2023,
Paraguay,2023,
Paraguay,2023,
Paraguay,2023,
Paraguay,2023,
Paraguay,2023,
Paraguay,2023,
Paraguay,2023,
Paraguay,2023,
Paraguay,2023,
Paraguay,2023,
Paraguay,2023,
Paraguay,2023,
Paraguay,2023,
Paraguay,2023,141.62
Paraguay,2023,
Paraguay,2023,
Paraguay,2023,
Paraguay,2023,
Paraguay,2023,
Paraguay,2023,
Paraguay,2023,141.73
Paraguay,2023,
Paraguay,2023,
Paraguay,2023,
Paraguay,2023,
Paraguay,2023,
Paraguay,2023,
Paraguay,2023,
Paraguay,2023,
Paraguay,2023,
Paraguay,2023,
Paraguay,2023,
Paraguay,2023,
Paraguay,2023,
Paraguay,2023,
Paraguay,2023,
Paraguay,2023,
Paraguay,2023,
Paraguay,2023,
Paraguay,2023,
Paraguay,2023,
Paraguay,2023,141.89
Paraguay,2023,
Paraguay,2023,
Paraguay,2023,
Paraguay,2023,
Paraguay,2023,
Paraguay,2023,
Paraguay,2023,
Paraguay,2023,
Paraguay,2023,
Paraguay,2023,
Paraguay,2023,
Paraguay,2023,
Paraguay,2023,
Paraguay,2023,
Paraguay,2023,
Paraguay,2023,
Paraguay,2023,
Paraguay,2023,
Paraguay,2023,
Paraguay,2023,
Paraguay,2023,142.27
Paraguay,2023,
Paraguay,2023,
Paraguay,2023,
Paraguay,2023,
Paraguay,2023,
Paraguay,2023,
Paraguay,2023,
Paraguay,2023,
Paraguay,2023,
Paraguay,2023,
Paraguay,2023,
Paraguay,2023,
Paraguay,2023,
Paraguay,2023,
Paraguay,2023,
Paraguay,2023,
Paraguay,2023,
Paraguay,2023,
Paraguay,2023,
Paraguay,2023,
Paraguay,2023,143.72
United States,2020,0.01
United States,2020,0.02
United States,2020,0.03
United States,2020,0.08
United States,2020,0.16
United States,2020,0.29
United States,2020,0.34
United States,2020,0.38
United States,2020,0.49
United States,2020,0.63
United States,2020,0.8
United States,2020,0.86
United States,2020,0.87
United States,2020,0.91
United States,2020,0.94
United States,2020,1.12
United States,2020,1.34
United States,2020,1.59
United States,2020,1.72
United States,2021,1.76
United States,2021,1.84
United States,2021,1.89
United States,2021,2.09
United States,2021,2.34
United States,2021,2.65
United States,2021,3.01
United States,2021,3.38
United States,2021,3.54
United States,2021,3.61
United States,2021,3.94
United States,2021,4.32
United States,2021,4.72
United States,2021,5.12
United States,2021,5.5
United States,2021,5.7
United States,2021,5.79
United States,2021,6.06
United States,2021,6.46
United States,2021,6.95
United States,2021,7.45
United States,2021,7.94
United States,2021,8.22
United States,2021,8.34
United States,2021,8.76
United States,2021,9.26
United States,2021,9.84
United States,2021,10.44
United States,2021,11.02
United States,2021,11.33
United States,2021,11.47
United States,2021,11.89
United States,2021,12.41
United States,2021,13.06
United States,2021,13.77
United States,2021,14.48
United States,2021,14.87
United States,2021,15.01
United States,2021,15.49
United States,2021,16.08
United States,2021,16.78
United States,2021,17.51
United States,2021,18.3
United States,2021,18.74
United States,2021,18.92
United States,2021,19.28
United States,2021,19.77
United States,2021,20.36
United States,2021,20.93
United States,2021,21.52
United States,2021,21.91
United States,2021,22.1
United States,2021,22.54
United States,2021,23.12
United States,2021,23.89
United States,2021,24.78
United States,2021,25.72
United States,2021,26.32
United States,2021,26.58
United States,2021,27.21
United States,2021,27.95
United States,2021,28.83
United States,2021,29.8
United States,2021,30.77
United States,2021,31.4
United States,2021,31.68
United States,2021,32.33
United States,2021,33.15
United States,2021,34.1
United States,2021,35.15
United States,2021,36.19
United States,2021,36.85
United States,2021,37.15
United States,2021,37.83
United States,2021,38.71
United States,2021,39.66
United States,2021,40.69
United States,2021,41.69
United States,2021,42.34
United States,2021,42.65
United States,2021,43.36
United States,2021,44.28
United States,2021,45.35
United States,2021,46.5
United States,2021,47.65
United States,2021,48.4
United States,2021,48.76
United States,2021,49.62
United States,2021,50.7
United States,2021,51.95
United States,2021,53.33
United States,2021,54.43
United States,2021,55.13
United States,2021,55.36
United States,2021,56.29
United States,2021,57.49
United States,2021,58.8
United States,2021,60.16
United States,2021,61.46
United States,2021,62.33
United States,2021,62.76
United States,2021,63.67
United States,2021,64.72
United States,2021,65.83
United States,2021,66.97
United States,2021,68.06
United States,2021,68.77
United States,2021,69.11
United States,2021,69.89
United States,2021,70.87
United States,2021,71.92
United States,2021,72.98
United States,2021,73.98
United States,2021,74.64
United States,2021,74.94
United States,2021,75.67
United States,2021,76.54
United States,2021,77.47
United States,2021,78.4
United States,2021,79.28
United States,2021,79.84
United States,2021,80.11
United States,2021,80.7
United States,2021,81.46
United States,2021,82.23
United States,2021,82.99
United States,2021,83.75
United States,2021,84.22
United States,2021,84.41
United States,2021,84.89
United States,2021,85.51
United States,2021,86.12
United States,2021,86.81
United States,2021,87.55
United States,2021,88.11
United States,2021,88.4
United States,2021,88.95
United States,2021,89.58
United States,2021,90.21
United States,2021,90.82
United States,2021,91.44
United States,2021,91.88
United States,2021,92.08
United States,2021,92.48
United States,2021,92.92
United States,2021,93.35
United States,2021,93.76
United States,2021,94.16
United States,2021,94.4
United States,2021,94.51
United States,2021,94.58
United States,2021,94.96
United States,2021,95.3
United States,2021,95.68
United States,2021,96.11
United States,2021,96.43
United States,2021,96.59
United States,2021,96.92
United States,2021,97.27
United States,2021,97.63
United States,2021,97.98
United States,2021,98.35
United States,2021,98.62
United States,2021,98.74
United States,2021,99.02
United States,2021,99.32
United States,2021,99.6
United States,2021,99.88
United States,2021,100.16
United States,2021,100.33
United States,2021,100.41
United States,2021,100.58
United States,2021,100.81
United States,2021,101.04
United States,2021,101.25
United States,2021,101.48
United States,2021,101.63
United States,2021,101.71
United States,2021,101.88
United States,2021,102.07
United States,2021,102.26
United States,2021,102.45
United States,2021,102.64
United States,2021,102.74
United States,2021,102.76
United States,2021,102.88
United States,2021,103.06
United States,2021,103.23
United States,2021,103.4
United States,2021,103.59
United States,2021,103.71
United States,2021,103.78
United States,2021,103.94
United States,2021,104.09
United States,2021,104.26
United States,2021,104.42
United States,2021,104.61
United States,2021,104.73
United States,2021,104.8
United States,2021,104.97
United States,2021,105.15
United States,2021,105.34
United States,2021,105.54
United States,2021,105.77
United States,2021,105.91
United States,2021,105.98
United States,2021,106.18
United States,2021,106.39
United States,2021,106.61
United States,2021,106.83
United States,2021,107.08
United States,2021,107.24
United States,2021,107.34
United States,2021,107.56
United States,2021,107.79
United States,2021,108.03
United States,2021,108.27
United States,2021,108.54
United States,2021,108.71
United States,2021,108.82
United States,2021,109.06
United States,2021,109.3
United States,2021,109.53
United States,2021,109.78
United States,2021,110.07
United States,2021,110.26
United States,2021,110.38
United States,2021,110.64
United States,2021,110.92
United States,2021,111.21
United States,2021,111.5
United States,2021,111.83
United States,2021,112.04
United States,2021,112.16
United States,2021,112.43
United States,2021,112.72
United States,2021,113.02
United States,2021,113.32
United States,2021,113.67
United States,2021,113.89
United States,2021,114.02
United States,2021,114.3
United States,2021,114.58
United States,2021,114.87
United States,2021,115.14
United States,2021,115.46
United States,2021,115.63
United States,2021,115.74
United States,2021,115.79
United States,2021,116.07
United States,2021,116.32
United States,2021,116.58
United States,2021,116.9
United States,2021,117.08
United States,2021,117.18
United States,2021,117.42
United States,2021,117.65
United States,2021,117.88
United States,2021,118.11
United States,2021,118.39
United States,2021,118.54
United States,2021,118.64
United States,2021,118.85
United States,2021,119.06
United States,2021,119.26
United States,2021,119.46
United States,2021,119.76
United States,2021,119.97
United States,2021,120.09
United States,2021,120.4
United States,2021,120.74
United States,2021,121.09
United States,2021,121.44
United States,2021,121.85
United States,2021,122.04
United States,2021,122.15
United States,2021,122.45
United States,2021,122.76
United States,2021,123.07
United States,2021,123.39
United States,2021,123.74
United States,2021,123.9
United States,2021,124.0
United States,2021,124.26
United States,2021,124.54
United States,2021,124.82
United States,2021,125.09
United States,2021,125.41
United States,2021,125.56
United States,2021,125.64
United States,2021,125.9
United States,2021,126.15
United States,2021,126.4
United States,2021,126.66
United States,2021,127.08
United States,2021,127.33
United States,2021,127.48
United States,2021,127.94
United States,2021,128.42
United States,2021,128.91
United States,2021,129.4
United States,2021,129.94
United States,2021,130.19
United States,2021,130.32
United States,2021,130.78
United States,2021,131.23
United States,2021,131.71
United States,2021,132.21
United States,2021,132.8
United States,2021,133.11
United States,2021,133.28
United States,2021,133.73
United States,2021,134.23
United States,2021,134.77
United States,2021,135.26
United States,2021,135.86
United States,2021,136.22
United States,2021,136.4
United States,2021,136.87
United States,2021,137.38
United States,2021,137.92
United States,2021,138.47
United States,2021,139.1
United States,2021,139.47
United States,2021,139.67
United States,2021,140.22
United States,2021,140.77
United States,2021,141.19
United States,2021,141.2
United States,2021,141.57
United States,2021,141.84
United States,2021,142.02
United States,2021,142.53
United States,2021,143.12
United States,2021,143.78
United States,2021,144.44
United States,2021,145.19
United States,2021,145.64
United States,2021,145.87
United States,2021,146.43
United States,2021,147.01
United States,2021,147.59
United States,2021,148.18
United States,2021,148.83
United States,2021,149.21
United States,2021,149.4
United States,2021,149.89
United States,2021,150.42
United States,2021,150.94
United States,2021,151.46
United States,2021,152.05
United States,2021,152.39
United States,2021,152.58
United States,2021,153.14
United States,2021,153.75
United States,2021,154.31
United States,2021,154.76
United States,2021,154.87
United States,2021,154.88
United States,2021,155.02
United States,2021,155.48
United States,2021,156.0
United States,2021,156.51
United States,2021,156.98
United States,2021,157.16
United States,2022,157.2
United States,2022,157.35
United States,2022,157.73
United States,2022,158.16
United States,2022,158.6
United States,2022,159.04
United States,2022,159.54
United States,2022,159.86
United States,2022,160.01
United States,2022,160.39
United States,2022,160.79
United States,2022,161.19
United States,2022,161.58
United States,2022,162.03
United States,2022,162.27
United States,2022,162.38
United States,2022,162.63
United States,2022,162.94
United States,2022,163.24
United States,2022,163.52
United States,2022,163.85
United States,2022,164.04
United States,2022,164.14
United States,2022,164.38
United States,2022,164.62
United States,2022,164.87
United States,2022,165.11
United States,2022,165.4
United States,2022,165.54
United States,2022,165.62
United States,2022,165.81
United States,2022,166.0
United States,2022,166.17
United States,2022,166.33
United States,2022,166.53
United States,2022,166.67
United States,2022,166.73
United States,2022,166.88
United States,2022,167.03
United States,2022,167.19
United States,2022,167.34
United States,2022,167.53
United States,2022,167.64
United States,2022,167.68
United States,2022,167.79
United States,2022,167.91
United States,2022,168.04
United States,2022,168.16
United States,2022,168.32
United States,2022,168.41
United States,2022,168.45
United States,2022,168.55
United States,2022,168.66
United States,2022,168.76
United States,2022,168.86
United States,2022,168.98
United States,2022,169.06
United States,2022,169.1
United States,2022,169.19
United States,2022,169.28
United States,2022,169.36
United States,2022,169.43
United States,2022,169.53
United States,2022,169.59
United States,2022,169.61
United States,2022,169.68
United States,2022,169.74
United States,2022,169.81
United States,2022,169.88
United States,2022,169.95
United States,2022,170.0
United States,2022,170.02
United States,2022,170.08
United States,2022,170.14
United States,2022,170.21
United States,2022,170.27
United States,2022,170.34
United States,2022,170.39
United States,2022,170.41
United States,2022,170.47
United States,2022,170.53
United States,2022,170.58
United States,2022,170.64
United States,2022,170.71
United States,2022,170.75
United States,2022,170.77
United States,2022,170.82
United States,2022,170.88
United States,2022,171.01
United States,2022,171.17
United States,2022,171.37
United States,2022,171.48
United States,2022,171.54
United States,2022,171.71
United States,2022,171.88
United States,2022,172.06
United States,2022,172.23
United States,2022,172.44
United States,2022,172.54
United States,2022,172.6
United States,2022,172.78
United States,2022,172.96
United States,2022,173.14
United States,2022,173.32
United States,2022,173.49
United States,2022,173.57
United States,2022,173.59
United States,2022,173.75
United States,2022,173.91
United States,2022,174.07
United States,2022,174.23
United States,2022,174.38
United States,2022,174.46
United States,2022,174.5
United States,2022,174.63
United States,2022,174.77
United States,2022,174.91
United States,2022,175.06
United States,2022,175.21
United States,2022,175.29
United States,2022,175.33
United States,2022,175.45
United States,2022,175.58
United States,2022,175.7
United States,2022,175.83
United States,2022,175.97
United States,2022,176.03
United States,2022,176.06
United States,2022,176.17
United States,2022,176.3
United States,2022,176.43
United States,2022,176.56
United States,2022,176.71
United States,2022,176.78
United States,2022,176.82
United States,2022,176.94
United States,2022,177.06
United States,2022,177.19
United States,2022,177.32
United States,2022,177.48
United States,2022,177.56
United States,2022,177.61
United States,2022,177.74
United States,2022,177.87
United States,2022,178.0
United States,2022,178.12
United States,2022,178.25
United States,2022,178.32
United States,2022,178.35
United States,2022,178.36
United States,2022,178.47
United States,2022,178.59
United States,2022,178.7
United States,2022,178.82
United States,2022,178.88
United States,2022,178.91
United States,2022,179.01
United States,2022,179.1
United States,2022,179.2
United States,2022,179.3
United States,2022,179.4
United States,2022,179.45
United States,2022,179.48
United States,2022,179.56
United States,2022,179.64
United States,2022,179.73
United States,2022,179.81
United States,2022,179.9
United States,2022,179.94
United States,2022,179.96
United States,2022,180.03
United States,2022,180.12
United States,2022,180.2
United States,2022,180.29
United States,2022,180.38
United States,2022,180.43
United States,2022,180.46
United States,2022,180.53
United States,2022,180.61
United States,2022,180.7
United States,2022,180.78
United States,2022,180.87
United States,2022,180.9
United States,2022,180.92
United States,2022,180.92
United States,2022,181.0
United States,2022,181.08
United States,2022,181.16
United States,2022,181.25
United States,2022,181.3
United States,2022,181.32
United States,2022,181.4
United States,2022,181.5
United States,2022,181.6
United States,2022,181.71
United States,2022,181.84
United States,2022,181.9
United States,2022,181.94
United States,2022,182.05
United States,2022,182.15
United States,2022,182.26
United States,2022,182.37
United States,2022,182.49
United States,2022,182.56
United States,2022,182.59
United States,2022,182.68
United States,2022,182.78
United States,2022,182.87
United States,2022,182.96
United States,2022,183.06
United States,2022,183.1
United States,2022,183.12
United States,2022,183.2
United States,2022,183.28
United States,2022,183.35
United States,2022,183.43
United States,2022,183.51
United States,2022,183.55
United States,2022,183.56
United States,2022,183.63
United States,2022,183.7
United States,2022,183.76
United States,2022,183.83
United States,2022,183.9
United States,2022,183.93
United States,2022,183.95
United States,2022,184.01
United States,2022,184.07
United States,2022,184.13
United States,2022,184.19
United States,2022,184.26
United States,2022,184.28
United States,2022,184.3
United States,2022,184.35
United States,2022,184.4
United States,2022,184.45
United States,2022,184.5
United States,2022,184.56
United States,2022,184.58
United States,2022,184.59
United States,2022,184.64
United States,2022,184.68
United States,2022,184.72
United States,2022,184.75
United States,2022,184.78
United States,2022,184.79
United States,2022,184.81
United States,2022,184.81
United States,2022,184.87
United States,2022,184.99
United States,2022,185.12
United States,2022,185.29
United States,2022,185.38
United States,2022,185.44
United States,2022,185.61
United States,2022,185.77
United States,2022,185.95
United States,2022,186.12
United States,2022,186.33
United States,2022,186.44
United States,2022,186.5
United States,2022,186.68
United States,2022,186.87
United States,2022,187.08
United States,2022,187.28
United States,2022,187.53
United States,2022,187.64
United States,2022,187.71
United States,2022,187.93
United States,2022,188.14
United States,2022,188.36
United States,2022,188.58
United States,2022,188.83
United States,2022,188.94
United States,2022,189.0
United States,2022,189.22
United States,2022,189.44
United States,2022,189.68
United States,2022,189.92
United States,2022,190.18
United States,2022,190.3
United States,2022,190.37
United States,2022,190.59
United States,2022,190.82
United States,2022,191.07
United States,2022,191.31
United States,2022,191.58
United States,2022,191.69
United States,2022,191.76
United States,2022,191.99
United States,2022,192.22
United States,2022,192.46
United States,2022,192.69
United States,2022,192.95
United States,2022,193.06
United States,2022,193.13
United States,2022,193.35
United States,2022,193.58
United States,2022,193.84
United States,2022,194.08
United States,2022,194.34
United States,2022,194.45
United States,2022,194.51
United States,2022,194.69
United States,2022,194.88
United States,2022,195.08
United States,2022,195.27
United States,2022,195.5
United States,2022,195.6
United States,2022,195.66
United States,2022,195.83
United States,2022,196.0
United States,2022,196.17
United States,2022,196.34
United States,2022,196.52
United States,2022,196.61
United States,2022,196.65
United States,2022,196.81
United States,2022,196.97
United States,2022,197.13
United States,2022,197.28
United States,2022,197.45
United States,2022,197.53
United States,2022,197.58
United States,2022,197.71
United States,2022,197.84
United States,2022,197.95
United States,2022,197.95
United States,2022,198.03
United States,2022,198.08
United States,2022,198.12
United States,2022,198.22
United States,2022,198.32
United States,2022,198.46
United States,2022,198.57
United States,2022,198.7
United States,2022,198.77
United States,2022,198.8
United States,2022,198.91
United States,2022,199.02
United States,2022,199.13
United States,2022,199.24
United States,2022,199.37
United States,2022,199.44
United States,2022,199.47
United States,2022,199.58
United States,2022,199.7
United States,2022,199.8
United States,2022,199.9
United States,2022,200.01
United States,2022,200.07
United States,2022,200.11
United States,2022,200.21
United States,2022,200.3
United States,2022,200.39
United States,2022,200.46
United States,2022,200.51
United States,2022,200.52
United States,2022,200.52
United States,2022,200.55
United States,2022,200.63
United States,2022,200.71
United States,2022,200.79
United States,2022,200.86
United States,2022,200.88
United States,2023,200.89
United States,2023,200.92
United States,2023,200.99
United States,2023,201.06
United States,2023,201.13
United States,2023,201.21
United States,2023,201.25
United States,2023,201.27
United States,2023,201.33
United States,2023,201.39
United States,2023,201.45
United States,2023,201.51
United States,2023,201.58
United States,2023,201.61
United States,2023,201.63
United States,2023,201.66
United States,2023,201.71
United States,2023,201.75
United States,2023,201.79
United States,2023,201.84
United States,2023,201.86
United States,2023,201.87
United States,2023,201.9
United States,2023,201.94
United States,2023,201.98
United States,2023,202.01
United States,2023,202.05
United States,2023,202.07
United States,2023,202.08
United States,2023,202.11
United States,2023,202.14
United States,2023,202.17
United States,2023,202.2
United States,2023,202.23
United States,2023,202.24
United States,2023,202.25
United States,2023,202.28
United States,2023,202.31
United States,2023,202.34
United States,2023,202.36
United States,2023,202.39
United States,2023,202.41
United States,2023,202.41
United States,2023,202.44
United States,2023,202.46
United States,2023,202.48
United States,2023,202.51
United States,2023,202.54
United States,2023,202.55
United States,2023,202.55
United States,2023,202.57
United States,2023,202.59
United States,2023,202.61
United States,2023,202.64
United States,2023,202.66
United States,2023,202.67
United States,2023,202.67
United States,2023,202.7
United States,2023,202.72
United States,2023,202.74
United States,2023,202.76
United States,2023,202.78
United States,2023,202.79
United States,2023,202.8
United States,2023,202.82
United States,2023,202.84
United States,2023,202.86
United States,2023,202.88
United States,2023,202.9
United States,2023,202.91
United States,2023,202.91
United States,2023,202.93
United States,2023,202.95
United States,2023,202.97
United States,2023,202.99
United States,2023,203.01
United States,2023,203.02
United States,2023,203.02
United States,2023,203.04
United States,2023,203.06
United States,2023,203.07
United States,2023,203.09
United States,2023,203.11
United States,2023,203.12
United States,2023,203.12
United States,2023,203.14
United States,2023,203.16
United States,2023,203.18
United States,2023,203.19
United States,2023,203.21
United States,2023,203.22
United States,2023,203.22
United States,2023,203.24
United States,2023,203.25
United States,2023,203.27
United States,2023,203.28
United States,2023,203.3
United States,2023,203.3
United States,2023,203.3
United States,2023,203.32
United States,2023,203.33
United States,2023,203.35
United States,2023,203.36
United States,2023,203.38
United States,2023,203.38
United States,2023,203.39
United States,2023,203.4
United States,2023,203.41
United States,2023,203.43
United States,2023,203.44
United States,2023,203.47
United States,2023,203.48
United States,2023,203.49
United States,2023,203.51
United States,2023,203.54
United States,2023,203.57
United States,2023,203.59
United States,2023,203.62
United States,2023,203.63
United States,2023,203.64
United States,2023,203.67
United States,2023,203.7
United States,2023,203.73
United States,2023,203.76
United States,2023,203.79
United States,2023,203.8
United States,2023,203.81
United States,2023,203.82
United States,2023,203.83
